qGluc,qAce,qPi,qCO2,qHB
-0.0929103576170261,-0.52,0.697495793966906,0.177495793966906,0.354991587933813
